ID_Uzorka,GPS_LAT,GPS_LONG,Dubina_Busenja_cm,Temp_Tla_C,pH_Vrijednost,H2O_Postotak,Metan_Senzor,Organske_Molekule
18,18.481537,77.391561,12.6,150.0,-2.0,5.98,Pozitivno,Ne
605,18.480362,77.383236,8.1,150.0,-2.0,1.09,Pozitivno,Ne
638,18.4783,77.392228,4.9,150.0,-2.0,3.52,Pozitivno,Ne
1051,18.479702,77.377795,7.7,150.0,-2.0,2.87,Pozitivno,Da
1272,18.48929,77.382335,0.4,150.0,-2.0,0.84,Pozitivno,Ne
1714,18.473654,77.391468,1.3,150.0,-2.0,5.23,Pozitivno,Ne
1763,18.47484,77.383995,2.0,150.0,-2.0,1.1,Pozitivno,Ne
1805,18.485149,77.400268,4.4,150.0,-2.0,1.76,Pozitivno,Ne
